word,type,level,translation,article,plural,preteritum,partizip_ii,positiv,komparativ,superlativ,example
Haus,Nomen,A1,uy,das,die Häuser,,,,,,Das Haus ist groß.
Tisch,Nomen,A1,stol,der,die Tische,,,,,,Der Tisch ist aus Holz.
Stuhl,Nomen,A1,stul,der,die Stühle,,,,,,Der Stuhl ist bequem.
Buch,Nomen,A1,kitob,das,die Bücher,,,,,,Das Buch ist interessant.
Tür,Nomen,A1,eshik,die,die Türen,,,,,,Die Tür ist offen.
Fenster,Nomen,A1,deraza,das,die Fenster,,,,,,Das Fenster ist geschlossen.
Schule,Nomen,A1,maktab,die,die Schulen,,,,,,Die Schule beginnt um acht Uhr.
Lehrer,Nomen,A1,o'qituvchi,der,die Lehrer,,,,,,Der Lehrer erklärt die Grammatik.
Schüler,Nomen,A1,o'quvchi,der,die Schüler,,,,,,Der Schüler lernt fleißig.
Familie,Nomen,A1,oila,die,die Familien,,,,,,Meine Familie ist sehr groß.
Mutter,Nomen,A1,ona,die,die Mütter,,,,,,Meine Mutter kocht jeden Tag.
Vater,Nomen,A1,ota,der,die Väter,,,,,,Mein Vater arbeitet in einer Firma.
Kind,Nomen,A1,bola,das,die Kinder,,,,,,Das Kind spielt im Park.
Bruder,Nomen,A1,aka-uka,der,die Brüder,,,,,,Mein Bruder wohnt in München.
Schwester,Nomen,A1,opa-singil,die,die Schwestern,,,,,,Meine Schwester ist Ärztin.
Freund,Nomen,A1,do'st,der,die Freunde,,,,,,Er ist ein guter Freund.
Stadt,Nomen,A1,shahar,die,die Städte,,,,,,Diese Stadt ist sehr schön.
Land,Nomen,A1,mamlakat,das,die Länder,,,,,,Usbekistan ist mein Heimatland.
Straße,Nomen,A1,ko'cha,die,die Straßen,,,,,,Die Straße ist heute leer.
Zimmer,Nomen,A1,xona,das,die Zimmer,,,,,,Das Zimmer ist sehr hell.
Küche,Nomen,A1,oshxona,die,die Küchen,,,,,,"Die Küche ist klein, aber praktisch."
Bett,Nomen,A1,karavot,das,die Betten,,,,,,Das Bett steht am Fenster.
Tag,Nomen,A1,kun,der,die Tage,,,,,,Heute ist ein schöner Tag.
Woche,Nomen,A1,hafta,die,die Wochen,,,,,,Nächste Woche habe ich Urlaub.
Monat,Nomen,A1,oy,der,die Monate,,,,,,Der erste Monat heißt Januar.
Jahr,Nomen,A1,yil,das,die Jahre,,,,,,Ich lerne seit einem Jahr Deutsch.
Uhr,Nomen,A1,soat (asbob),die,die Uhren,,,,,,Die Uhr hängt an der Wand.
Brot,Nomen,A1,non,das,die Brote,,,,,,Das Brot ist noch warm.
Apfel,Nomen,A1,olma,der,die Äpfel,,,,,,Der Apfel schmeckt süß.
Ei,Nomen,A1,tuxum,das,die Eier,,,,,,Ich esse jeden Morgen ein Ei.
Tasse,Nomen,A1,piyola,die,die Tassen,,,,,,Die Tasse ist voll Kaffee.
Flasche,Nomen,A1,shisha idish,die,die Flaschen,,,,,,Die Flasche ist leer.
Arbeit,Nomen,A1,ish,die,die Arbeiten,,,,,,Die Arbeit macht mir Spaß.
Auto,Nomen,A1,mashina,das,die Autos,,,,,,Das Auto ist neu.
Bus,Nomen,A1,avtobus,der,die Busse,,,,,,Der Bus kommt in fünf Minuten.
Zug,Nomen,A1,poyezd,der,die Züge,,,,,,Der Zug fährt pünktlich ab.
Flugzeug,Nomen,A1,samolyot,das,die Flugzeuge,,,,,,Das Flugzeug fliegt nach Berlin.
Fahrrad,Nomen,A1,velosiped,das,die Fahrräder,,,,,,Ich fahre jeden Tag mit dem Fahrrad.
Geld,Nomen,A1,pul,das,die Gelder,,,,,,Ich habe nicht viel Geld.
Name,Nomen,A1,ism,der,die Namen,,,,,,Wie ist dein Name?
Frage,Nomen,A1,savol,die,die Fragen,,,,,,Ich habe eine Frage.
Antwort,Nomen,A1,javob,die,die Antworten,,,,,,Das ist die richtige Antwort.
Wort,Nomen,A1,so'z,das,die Wörter,,,,,,Dieses Wort kenne ich nicht.
Satz,Nomen,A1,gap,der,die Sätze,,,,,,Bilde einen Satz mit diesem Wort.
Sprache,Nomen,A1,til,die,die Sprachen,,,,,,Deutsch ist eine schwere Sprache.
Farbe,Nomen,A1,rang,die,die Farben,,,,,,Meine Lieblingsfarbe ist Blau.
Hand,Nomen,A1,qo'l,die,die Hände,,,,,,Ich habe zwei Hände.
Fuß,Nomen,A1,oyoq,der,die Füße,,,,,,Mein Fuß tut weh.
Kopf,Nomen,A1,bosh,der,die Köpfe,,,,,,Mein Kopf tut weh.
Auge,Nomen,A1,ko'z,das,die Augen,,,,,,Sie hat blaue Augen.
Ohr,Nomen,A1,quloq,das,die Ohren,,,,,,Er hört gut mit dem Ohr.
Nase,Nomen,A1,burun,die,die Nasen,,,,,,Seine Nase ist rot.
Mund,Nomen,A1,og'iz,der,die Münder,,,,,,Öffne bitte den Mund.
Hund,Nomen,A1,it,der,die Hunde,,,,,,Der Hund bellt laut.
Katze,Nomen,A1,mushuk,die,die Katzen,,,,,,Die Katze schläft auf dem Sofa.
Wohnung,Nomen,A2,kvartira,die,die Wohnungen,,,,,,Meine Wohnung liegt im Zentrum.
Nachbar,Nomen,A2,qo'shni,der,die Nachbarn,,,,,,Mein Nachbar ist sehr freundlich.
Gast,Nomen,A2,mehmon,der,die Gäste,,,,,,Wir haben heute Abend Gäste.
Urlaub,Nomen,A2,ta'til,der,die Urlaube,,,,,,Wir fahren im Sommer in den Urlaub.
Reise,Nomen,A2,sayohat,die,die Reisen,,,,,,Die Reise nach Deutschland war schön.
Koffer,Nomen,A2,chamadon,der,die Koffer,,,,,,Mein Koffer ist zu schwer.
Flughafen,Nomen,A2,aeroport,der,die Flughäfen,,,,,,Der Flughafen ist weit von der Stadt.
Bahnhof,Nomen,A2,vokzal,der,die Bahnhöfe,,,,,,Der Zug fährt vom Bahnhof ab.
Fahrkarte,Nomen,A2,chipta,die,die Fahrkarten,,,,,,Ich kaufe eine Fahrkarte.
Rechnung,Nomen,A2,hisob-kitob,die,die Rechnungen,,,,,,Kann ich bitte die Rechnung haben?
Kellner,Nomen,A2,ofitsiant,der,die Kellner,,,,,,Der Kellner bringt das Essen.
Restaurant,Nomen,A2,restoran,das,die Restaurants,,,,,,Wir essen heute im Restaurant.
Speisekarte,Nomen,A2,menyu,die,die Speisekarten,,,,,,Die Speisekarte ist auf Deutsch.
Krankenhaus,Nomen,A2,kasalxona,das,die Krankenhäuser,,,,,,Er liegt im Krankenhaus.
Arzt,Nomen,A2,shifokor,der,die Ärzte,,,,,,Der Arzt untersucht den Patienten.
Apotheke,Nomen,A2,dorixona,die,die Apotheken,,,,,,Die Apotheke ist um die Ecke.
Medikament,Nomen,A2,dori,das,die Medikamente,,,,,,Nimm dieses Medikament dreimal täglich.
Termin,Nomen,A2,uchrashuv vaqti,der,die Termine,,,,,,Ich habe einen Termin beim Arzt.
Beruf,Nomen,A2,kasb,der,die Berufe,,,,,,Was ist dein Beruf?
Firma,Nomen,A2,firma,die,die Firmen,,,,,,Er arbeitet bei einer großen Firma.
Kollege,Nomen,A2,hamkasb,der,die Kollegen,,,,,,Mein Kollege hilft mir oft.
Chef,Nomen,A2,boshliq,der,die Chefs,,,,,,Mein Chef ist sehr streng.
Gehalt,Nomen,A2,maosh,das,die Gehälter,,,,,,Das Gehalt ist nicht sehr hoch.
Bewerbung,Nomen,A2,ariza (ish uchun),die,die Bewerbungen,,,,,,Ich schreibe eine Bewerbung.
Zeugnis,Nomen,A2,guvohnoma,das,die Zeugnisse,,,,,,Mein Zeugnis war sehr gut.
Prüfung,Nomen,A2,imtihon,die,die Prüfungen,,,,,,Die Prüfung war schwer.
Note,Nomen,A2,baho,die,die Noten,,,,,,Ich habe eine gute Note bekommen.
Universität,Nomen,A2,universitet,die,die Universitäten,,,,,,Er studiert an der Universität.
Student,Nomen,A2,talaba,der,die Studenten,,,,,,Der Student lernt für die Prüfung.
Sonne,Nomen,A2,quyosh,die,die Sonnen,,,,,,Die Sonne scheint heute hell.
Wolke,Nomen,A2,bulut,die,die Wolken,,,,,,Der Himmel ist voller Wolken.
Wind,Nomen,A2,shamol,der,die Winde,,,,,,Der Wind ist heute sehr stark.
Jahreszeit,Nomen,A2,fasl,die,die Jahreszeiten,,,,,,Der Frühling ist meine Lieblingsjahreszeit.
Feiertag,Nomen,A2,bayram,der,die Feiertage,,,,,,Morgen ist ein Feiertag.
Geschenk,Nomen,A2,sovg'a,das,die Geschenke,,,,,,Ich habe ein schönes Geschenk bekommen.
Geburtstag,Nomen,A2,tug'ilgan kun,der,die Geburtstage,,,,,,Heute ist mein Geburtstag.
Hochzeit,Nomen,A2,to'y,die,die Hochzeiten,,,,,,Die Hochzeit findet im Juni statt.
Nachricht,Nomen,A2,xabar,die,die Nachrichten,,,,,,Ich habe eine wichtige Nachricht bekommen.
Zeitung,Nomen,A2,gazeta,die,die Zeitungen,,,,,,Mein Vater liest jeden Tag die Zeitung.
Fernseher,Nomen,A2,televizor,der,die Fernseher,,,,,,Der Fernseher steht im Wohnzimmer.
Computer,Nomen,A2,kompyuter,der,die Computer,,,,,,Ich arbeite viel am Computer.
Handy,Nomen,A2,mobil telefon,das,die Handys,,,,,,Mein Handy ist kaputt.
Meinung,Nomen,A2,fikr,die,die Meinungen,,,,,,Das ist nur meine Meinung.
Idee,Nomen,A2,g'oya,die,die Ideen,,,,,,Das ist eine gute Idee.
Grund,Nomen,A2,sabab,der,die Gründe,,,,,,Was ist der Grund für deine Entscheidung?
Problem,Nomen,A2,muammo,das,die Probleme,,,,,,Wir haben ein großes Problem.
Lösung,Nomen,A2,yechim,die,die Lösungen,,,,,,Ich habe eine Lösung gefunden.
Erfahrung,Nomen,A2,tajriba,die,die Erfahrungen,,,,,,Ich habe viel Erfahrung in diesem Bereich.
Entscheidung,Nomen,A2,qaror,die,die Entscheidungen,,,,,,Das war eine schwere Entscheidung.
Gefühl,Nomen,A2,tuyg'u,das,die Gefühle,,,,,,Ich habe ein komisches Gefühl.
Wunsch,Nomen,A2,istak,der,die Wünsche,,,,,,Das ist mein größter Wunsch.
Gesellschaft,Nomen,B1,jamiyat,die,die Gesellschaften,,,,,,Das ist ein Problem der modernen Gesellschaft.
Regierung,Nomen,B1,hukumat,die,die Regierungen,,,,,,Die Regierung hat ein neues Gesetz beschlossen.
Gesetz,Nomen,B1,qonun,das,die Gesetze,,,,,,Das neue Gesetz tritt im Januar in Kraft.
Wirtschaft,Nomen,B1,iqtisodiyot,die,die Wirtschaften,,,,,,Die Wirtschaft wächst langsam.
Industrie,Nomen,B1,sanoat,die,die Industrien,,,,,,Die Industrie schafft viele Arbeitsplätze.
Entwicklung,Nomen,B1,rivojlanish,die,die Entwicklungen,,,,,,Die technische Entwicklung geht schnell voran.
Bevölkerung,Nomen,B1,aholi,die,die Bevölkerungen,,,,,,Die Bevölkerung der Stadt wächst.
Kultur,Nomen,B1,madaniyat,die,die Kulturen,,,,,,Jede Kultur hat eigene Traditionen.
Tradition,Nomen,B1,an'ana,die,die Traditionen,,,,,,Diese Tradition ist sehr alt.
Religion,Nomen,B1,din,die,die Religionen,,,,,,Er interessiert sich für verschiedene Religionen.
Wissenschaft,Nomen,B1,fan,die,die Wissenschaften,,,,,,Sie arbeitet in der Wissenschaft.
Forschung,Nomen,B1,tadqiqot,die,die Forschungen,,,,,,Die Forschung dauert mehrere Jahre.
Technik,Nomen,B1,texnika,die,die Techniken,,,,,,Die moderne Technik verändert unser Leben.
Maschine,Nomen,B1,mexanizm,die,die Maschinen,,,,,,Diese Maschine ist sehr modern.
Energie,Nomen,B1,energiya,die,die Energien,,,,,,Wir müssen Energie sparen.
Ressource,Nomen,B1,resurs,die,die Ressourcen,,,,,,Natürliche Ressourcen sind begrenzt.
Klima,Nomen,B1,iqlim,das,die Klimas,,,,,,Das Klima verändert sich.
Katastrophe,Nomen,B1,falokat,die,die Katastrophen,,,,,,Das Erdbeben war eine große Katastrophe.
Möglichkeit,Nomen,B1,imkoniyat,die,die Möglichkeiten,,,,,,Es gibt viele Möglichkeiten.
Verantwortung,Nomen,B1,mas'uliyat,die,die Verantwortungen,,,,,,Er trägt die Verantwortung für das Projekt.
Beziehung,Nomen,B1,munosabat,die,die Beziehungen,,,,,,Sie haben eine gute Beziehung.
Konflikt,Nomen,B1,ziddiyat,der,die Konflikte,,,,,,Der Konflikt dauert schon lange.
Herausforderung,Nomen,B1,qiyinchilik,die,die Herausforderungen,,,,,,Das ist eine große Herausforderung.
Fortschritt,Nomen,B1,taraqqiyot,der,die Fortschritte,,,,,,Der technische Fortschritt ist enorm.
Wert,Nomen,B1,qiymat,der,die Werte,,,,,,Dieser Ring hat einen hohen Wert.
Vorteil,Nomen,B1,afzallik,der,die Vorteile,,,,,,Das hat viele Vorteile.
Nachteil,Nomen,B1,kamchilik,der,die Nachteile,,,,,,Jede Lösung hat auch Nachteile.
Unterschied,Nomen,B1,farq,der,die Unterschiede,,,,,,Der Unterschied ist sehr groß.
Auswirkung,Nomen,B2,oqibat,die,die Auswirkungen,,,,,,Das hat große Auswirkungen auf die Umwelt.
Voraussetzung,Nomen,B2,shart,die,die Voraussetzungen,,,,,,Gute Deutschkenntnisse sind eine Voraussetzung.
Konsequenz,Nomen,B2,oqibat,die,die Konsequenzen,,,,,,Er muss die Konsequenzen tragen.
Perspektive,Nomen,B2,nuqtai nazar,die,die Perspektiven,,,,,,Aus dieser Perspektive sieht es anders aus.
Wahrnehmung,Nomen,B2,idrok,die,die Wahrnehmungen,,,,,,Die Wahrnehmung der Menschen ist unterschiedlich.
Widerspruch,Nomen,B2,ziddiyat (mantiqiy),der,die Widersprüche,,,,,,Das ist ein klarer Widerspruch.
Annahme,Nomen,B2,taxmin,die,die Annahmen,,,,,,Das ist nur eine Annahme.
Vermutung,Nomen,B2,taxmin,die,die Vermutungen,,,,,,Meine Vermutung war richtig.
Tatsache,Nomen,B2,haqiqat,die,die Tatsachen,,,,,,Das ist eine bekannte Tatsache.
Behauptung,Nomen,B2,da'vo,die,die Behauptungen,,,,,,Diese Behauptung ist falsch.
Argument,Nomen,B2,dalil,das,die Argumente,,,,,,Er hat ein gutes Argument.
Debatte,Nomen,B2,bahs,die,die Debatten,,,,,,Die Debatte war sehr lebhaft.
Kompromiss,Nomen,B2,murosa,der,die Kompromisse,,,,,,Sie haben einen Kompromiss gefunden.
Vereinbarung,Nomen,B2,kelishuv,die,die Vereinbarungen,,,,,,Wir haben eine Vereinbarung getroffen.
Verhandlung,Nomen,B2,muzokara,die,die Verhandlungen,,,,,,Die Verhandlungen waren erfolgreich.
Maßnahme,Nomen,B2,chora-tadbir,die,die Maßnahmen,,,,,,Die Regierung ergreift neue Maßnahmen.
Strategie,Nomen,B2,strategiya,die,die Strategien,,,,,,Wir brauchen eine neue Strategie.
Struktur,Nomen,B2,tuzilma,die,die Strukturen,,,,,,Die Struktur des Unternehmens ist komplex.
Erkenntnis,Nomen,C1,xulosa,die,die Erkenntnisse,,,,,,Das ist eine wichtige wissenschaftliche Erkenntnis.
Tendenz,Nomen,C1,tendensiya,die,die Tendenzen,,,,,,Es gibt eine klare Tendenz zur Digitalisierung.
Prognose,Nomen,C1,bashorat,die,die Prognosen,,,,,,Die Prognose war leider falsch.
Auseinandersetzung,Nomen,C1,bahs-munozara,die,die Auseinandersetzungen,,,,,,Es gab eine heftige Auseinandersetzung.
Bestandteil,Nomen,C1,tarkibiy qism,der,die Bestandteile,,,,,,Musik ist ein wichtiger Bestandteil der Kultur.
Grundlage,Nomen,C1,asos,die,die Grundlagen,,,,,,Das bildet die Grundlage unserer Arbeit.
Vorurteil,Nomen,C1,noto'g'ri qarash,das,die Vorurteile,,,,,,Wir sollten Vorurteile vermeiden.
Ungleichheit,Nomen,C1,tengsizlik,die,die Ungleichheiten,,,,,,Die soziale Ungleichheit wächst.
Reform,Nomen,C1,islohot,die,die Reformen,,,,,,Die Regierung plant wichtige Reformen.
Instanz,Nomen,C1,instansiya,die,die Instanzen,,,,,,Das Gericht ist die höchste Instanz.
Ambivalenz,Nomen,C2,ikkilanish,die,die Ambivalenzen,,,,,,Seine Ambivalenz gegenüber dem Thema ist deutlich.
Diskrepanz,Nomen,C2,nomuvofiqlik,die,die Diskrepanzen,,,,,,Es gibt eine Diskrepanz zwischen Theorie und Praxis.
Implikation,Nomen,C2,oqibat,die,die Implikationen,,,,,,Die Implikationen dieser Entscheidung sind weitreichend.
Paradigma,Nomen,C2,paradigma,das,die Paradigmen,,,,,,Das ist ein neues wissenschaftliches Paradigma.
Nuance,Nomen,C2,nozik farq,die,die Nuancen,,,,,,Er versteht die feinen Nuancen der Sprache.
Prämisse,Nomen,C2,asos (mantiqiy),die,die Prämissen,,,,,,Diese Prämisse ist nicht korrekt.
Dichotomie,Nomen,C2,ikkilik,die,die Dichotomien,,,,,,Die Dichotomie zwischen Stadt und Land verschwindet.
sein,Verb,A1,bo'lmoq,,,war,ist gewesen,,,,Ich bin müde.
haben,Verb,A1,ega bo'lmoq,,,hatte,hat gehabt,,,,Ich habe ein Auto.
werden,Verb,A1,bo'lib qolmoq,,,wurde,ist geworden,,,,Er wird Arzt.
gehen,Verb,A1,bormoq,,,ging,ist gegangen,,,,Ich gehe jeden Tag zur Arbeit.
kommen,Verb,A1,kelmoq,,,kam,ist gekommen,,,,Er kommt aus Deutschland.
machen,Verb,A1,qilmoq,,,machte,hat gemacht,,,,Was machst du gerade?
sagen,Verb,A1,aytmoq,,,sagte,hat gesagt,,,,Er sagt die Wahrheit.
sehen,Verb,A1,ko'rmoq,,,sah,hat gesehen,,,,Ich sehe einen Vogel.
sprechen,Verb,A1,gapirmoq,,,sprach,hat gesprochen,,,,Sie spricht Deutsch.
wissen,Verb,A1,bilmoq,,,wusste,hat gewusst,,,,Ich weiß die Antwort nicht.
geben,Verb,A1,bermoq,,,gab,hat gegeben,,,,Kannst du mir das Buch geben?
finden,Verb,A1,topmoq,,,fand,hat gefunden,,,,Ich finde meinen Schlüssel nicht.
denken,Verb,A1,o'ylamoq,,,dachte,hat gedacht,,,,Ich denke oft an dich.
bleiben,Verb,A1,qolmoq,,,blieb,ist geblieben,,,,Wir bleiben zu Hause.
liegen,Verb,A1,yotmoq,,,lag,hat gelegen,,,,Das Buch liegt auf dem Tisch.
stehen,Verb,A1,turmoq,,,stand,hat gestanden,,,,Er steht vor der Tür.
essen,Verb,A1,ovqatlanmoq,,,aß,hat gegessen,,,,Wir essen um sechs Uhr.
trinken,Verb,A1,ichmoq,,,trank,hat getrunken,,,,Er trinkt gern Tee.
spielen,Verb,A1,o'ynamoq,,,spielte,hat gespielt,,,,Die Kinder spielen im Garten.
lernen,Verb,A1,o'rganmoq,,,lernte,hat gelernt,,,,Ich lerne Deutsch.
arbeiten,Verb,A1,ishlamoq,,,arbeitete,hat gearbeitet,,,,Mein Vater arbeitet viel.
wohnen,Verb,A1,yashamoq,,,wohnte,hat gewohnt,,,,Ich wohne in Taschkent.
kaufen,Verb,A1,sotib olmoq,,,kaufte,hat gekauft,,,,Ich kaufe Brot im Supermarkt.
lesen,Verb,A1,o'qimoq,,,las,hat gelesen,,,,Er liest ein Buch.
schreiben,Verb,A1,yozmoq,,,schrieb,hat geschrieben,,,,Sie schreibt einen Brief.
hören,Verb,A1,eshitmoq,,,hörte,hat gehört,,,,Ich höre gern Musik.
fragen,Verb,A1,so'ramoq,,,fragte,hat gefragt,,,,Er fragt den Lehrer.
antworten,Verb,A1,javob bermoq,,,antwortete,hat geantwortet,,,,Sie antwortet sofort.
verstehen,Verb,A1,tushunmoq,,,verstand,hat verstanden,,,,Ich verstehe die Frage nicht.
kennen,Verb,A1,tanimoq,,,kannte,hat gekannt,,,,Ich kenne diesen Mann nicht.
mögen,Verb,A1,yoqtirmoq,,,mochte,hat gemocht,,,,Ich mag Schokolade.
wollen,Verb,A1,xohlamoq,,,wollte,hat gewollt,,,,Ich will nach Hause gehen.
können,Verb,A1,qila olmoq,,,konnte,hat gekonnt,,,,Ich kann gut schwimmen.
müssen,Verb,A1,majbur bo'lmoq,,,musste,hat gemusst,,,,Ich muss jetzt gehen.
dürfen,Verb,A1,ruxsati bo'lmoq,,,durfte,hat gedurft,,,,Ich darf hier parken.
sollen,Verb,A1,kerak bo'lmoq,,,sollte,hat gesollt,,,,Du sollst mehr lernen.
fahren,Verb,A1,haydamoq; transportda bormoq,,,fuhr,ist gefahren,,,,Wir fahren mit dem Auto.
laufen,Verb,A1,yugurmoq,,,lief,ist gelaufen,,,,Er läuft jeden Morgen.
schlafen,Verb,A1,uxlamoq,,,schlief,hat geschlafen,,,,Das Kind schläft schon.
heißen,Verb,A1,nomlanmoq,,,hieß,hat geheißen,,,,Ich heiße Ali.
leben,Verb,A1,yashamoq,,,lebte,hat gelebt,,,,Meine Großeltern leben auf dem Land.
öffnen,Verb,A1,ochmoq,,,öffnete,hat geöffnet,,,,Bitte öffne das Fenster.
schließen,Verb,A1,yopmoq,,,schloss,hat geschlossen,,,,Ich schließe die Tür.
beginnen,Verb,A1,boshlamoq,,,begann,hat begonnen,,,,Der Unterricht beginnt um neun.
helfen,Verb,A1,yordam bermoq,,,half,hat geholfen,,,,Kannst du mir helfen?
nehmen,Verb,A1,olmoq,,,nahm,hat genommen,,,,Ich nehme den Bus.
bringen,Verb,A1,olib kelmoq,,,brachte,hat gebracht,,,,Bring mir bitte ein Glas Wasser.
zeigen,Verb,A1,ko'rsatmoq,,,zeigte,hat gezeigt,,,,Zeig mir bitte den Weg.
warten,Verb,A1,kutmoq,,,wartete,hat gewartet,,,,Ich warte auf den Bus.
anfangen,Verb,A2,boshlamoq,,,fing an,hat angefangen,,,,Der Film fängt um acht Uhr an.
aufhören,Verb,A2,to'xtatmoq,,,hörte auf,hat aufgehört,,,,Der Regen hört endlich auf.
aufstehen,Verb,A2,uyg'onib turmoq,,,stand auf,ist aufgestanden,,,,Ich stehe jeden Tag um sieben Uhr auf.
einkaufen,Verb,A2,xarid qilmoq,,,kaufte ein,hat eingekauft,,,,Wir kaufen am Samstag ein.
anrufen,Verb,A2,qo'ng'iroq qilmoq,,,rief an,hat angerufen,,,,Ich rufe dich später an.
besuchen,Verb,A2,tashrif buyurmoq,,,besuchte,hat besucht,,,,Wir besuchen unsere Großeltern.
bezahlen,Verb,A2,to'lamoq,,,bezahlte,hat bezahlt,,,,Kann ich mit Karte bezahlen?
bestellen,Verb,A2,buyurtma bermoq,,,bestellte,hat bestellt,,,,Ich bestelle einen Kaffee.
brauchen,Verb,A2,kerak bo'lmoq,,,brauchte,hat gebraucht,,,,Ich brauche deine Hilfe.
duschen,Verb,A2,dush qabul qilmoq,,,duschte,hat geduscht,,,,Ich dusche jeden Morgen.
erklären,Verb,A2,tushuntirmoq,,,erklärte,hat erklärt,,,,Der Lehrer erklärt die Regel.
erzählen,Verb,A2,hikoya qilmoq,,,erzählte,hat erzählt,,,,Erzähl mir bitte deine Geschichte.
fehlen,Verb,A2,yetishmaslik,,,fehlte,hat gefehlt,,,,Mir fehlt die Zeit.
feiern,Verb,A2,nishonlamoq,,,feierte,hat gefeiert,,,,Wir feiern seinen Geburtstag.
fliegen,Verb,A2,uchmoq,,,flog,ist geflogen,,,,Wir fliegen nach Deutschland.
gefallen,Verb,A2,yoqmoq,,,gefiel,hat gefallen,,,,Die Stadt gefällt mir sehr.
gehören,Verb,A2,tegishli bo'lmoq,,,gehörte,hat gehört,,,,Dieses Buch gehört mir.
gewinnen,Verb,A2,yutmoq,,,gewann,hat gewonnen,,,,Unsere Mannschaft hat gewonnen.
verlieren,Verb,A2,yo'qotmoq,,,verlor,hat verloren,,,,Ich habe meinen Schlüssel verloren.
heiraten,Verb,A2,turmush qurmoq,,,heiratete,hat geheiratet,,,,Sie heiraten im Sommer.
klingen,Verb,A2,jaranglamoq,,,klang,hat geklungen,,,,Das klingt gut.
kochen,Verb,A2,ovqat pishirmoq,,,kochte,hat gekocht,,,,Meine Mutter kocht sehr gut.
lachen,Verb,A2,kulmoq,,,lachte,hat gelacht,,,,Die Kinder lachen laut.
mieten,Verb,A2,ijaraga olmoq,,,mietete,hat gemietet,,,,Wir mieten eine Wohnung.
parken,Verb,A2,to'xtatmoq (mashina),,,parkte,hat geparkt,,,,Ich parke das Auto vor dem Haus.
planen,Verb,A2,rejalashtirmoq,,,plante,hat geplant,,,,Wir planen eine Reise.
putzen,Verb,A2,tozalamoq,,,putzte,hat geputzt,,,,Ich putze am Wochenende die Wohnung.
reisen,Verb,A2,sayohat qilmoq,,,reiste,ist gereist,,,,Wir reisen gern nach Europa.
reparieren,Verb,A2,ta'mirlamoq,,,reparierte,hat repariert,,,,Er repariert das Auto.
schenken,Verb,A2,sovg'a qilmoq,,,schenkte,hat geschenkt,,,,Ich schenke ihr Blumen.
schicken,Verb,A2,jo'natmoq,,,schickte,hat geschickt,,,,Ich schicke dir eine E-Mail.
schneiden,Verb,A2,kesmoq,,,schnitt,hat geschnitten,,,,Sie schneidet das Brot.
schwimmen,Verb,A2,suzmoq,,,schwamm,ist geschwommen,,,,Er schwimmt sehr gut.
singen,Verb,A2,qo'shiq aytmoq,,,sang,hat gesungen,,,,Sie singt sehr schön.
steigen,Verb,A2,ko'tarilmoq,,,stieg,ist gestiegen,,,,Die Preise steigen jedes Jahr.
sterben,Verb,A2,vafot etmoq,,,starb,ist gestorben,,,,Sein Großvater ist letztes Jahr gestorben.
treffen,Verb,A2,uchrashmoq,,,traf,hat getroffen,,,,Ich treffe meine Freunde im Café.
tun,Verb,A2,qilmoq,,,tat,hat getan,,,,Was tust du gerade?
üben,Verb,A2,mashq qilmoq,,,übte,hat geübt,,,,Ich übe jeden Tag Deutsch.
vergessen,Verb,A2,unutmoq,,,vergaß,hat vergessen,,,,Ich habe meinen Regenschirm vergessen.
verkaufen,Verb,A2,sotmoq,,,verkaufte,hat verkauft,,,,Er verkauft sein altes Auto.
verlassen,Verb,A2,tark etmoq,,,verließ,hat verlassen,,,,Sie verlässt die Stadt.
vorbereiten,Verb,A2,tayyorlamoq,,,bereitete vor,hat vorbereitet,,,,Ich bereite mich auf die Prüfung vor.
wechseln,Verb,A2,almashtirmoq,,,wechselte,hat gewechselt,,,,Ich wechsle das Geld.
wiederholen,Verb,A2,takrorlamoq,,,wiederholte,hat wiederholt,,,,Bitte wiederhole den Satz.
umziehen,Verb,A2,ko'chib o'tmoq,,,zog um,ist umgezogen,,,,Wir ziehen nächsten Monat um.
entscheiden,Verb,A2,qaror qilmoq,,,entschied,hat entschieden,,,,Ich habe mich entschieden.
passieren,Verb,A2,sodir bo'lmoq,,,passierte,ist passiert,,,,Was ist passiert?
bedeuten,Verb,A2,anglatmoq,,,bedeutete,hat bedeutet,,,,Was bedeutet dieses Wort?
bestehen,Verb,B1,topshirmoq (imtihon),,,bestand,hat bestanden,,,,Er hat die Prüfung bestanden.
betreffen,Verb,B1,taalluqli bo'lmoq,,,betraf,hat betroffen,,,,Das Problem betrifft uns alle.
beeinflussen,Verb,B1,ta'sir qilmoq,,,beeinflusste,hat beeinflusst,,,,Die Werbung beeinflusst die Menschen.
erreichen,Verb,B1,erishmoq,,,erreichte,hat erreicht,,,,Er hat sein Ziel erreicht.
ermöglichen,Verb,B1,imkon bermoq,,,ermöglichte,hat ermöglicht,,,,Die Technik ermöglicht neue Lösungen.
entwickeln,Verb,B1,rivojlantirmoq,,,entwickelte,hat entwickelt,,,,Die Firma entwickelt neue Produkte.
entstehen,Verb,B1,paydo bo'lmoq,,,entstand,ist entstanden,,,,So ist die Idee entstanden.
sich beschäftigen,Verb,B1,shug'ullanmoq,,,beschäftigte sich,hat sich beschäftigt,,,,Er beschäftigt sich mit Kunst.
verbessern,Verb,B1,yaxshilamoq,,,verbesserte,hat verbessert,,,,Ich möchte mein Deutsch verbessern.
verändern,Verb,B1,o'zgartirmoq,,,veränderte,hat verändert,,,,Die Stadt hat sich stark verändert.
vermeiden,Verb,B1,oldini olmoq,,,vermied,hat vermieden,,,,Wir sollten Fehler vermeiden.
vergleichen,Verb,B1,solishtirmoq,,,verglich,hat verglichen,,,,Vergleiche die zwei Bilder.
vorschlagen,Verb,B1,taklif qilmoq,,,schlug vor,hat vorgeschlagen,,,,Ich schlage einen anderen Termin vor.
widersprechen,Verb,B1,qarshi chiqmoq,,,widersprach,hat widersprochen,,,,Ich widerspreche dieser Meinung.
zunehmen,Verb,B1,ortmoq,,,nahm zu,hat zugenommen,,,,Die Zahl der Studenten nimmt zu.
abnehmen,Verb,B1,kamaymoq,,,nahm ab,hat abgenommen,,,,Die Nachfrage nimmt ab.
beweisen,Verb,B1,isbotlamoq,,,bewies,hat bewiesen,,,,Er konnte seine Unschuld beweisen.
behaupten,Verb,B1,da'vo qilmoq,,,behauptete,hat behauptet,,,,"Er behauptet, dass er recht hat."
überzeugen,Verb,B1,ishontirmoq,,,überzeugte,hat überzeugt,,,,Sie hat mich überzeugt.
sich befinden,Verb,B1,joylashmoq,,,befand sich,hat sich befunden,,,,Das Hotel befindet sich im Zentrum.
beeindrucken,Verb,B1,taassurot qoldirmoq,,,beeindruckte,hat beeindruckt,,,,Der Film hat mich sehr beeindruckt.
anbieten,Verb,B1,taklif qilmoq (xizmat),,,bot an,hat angeboten,,,,Das Geschäft bietet viele Produkte an.
reagieren,Verb,B1,reaksiya bildirmoq,,,reagierte,hat reagiert,,,,Er hat schnell reagiert.
handeln,Verb,B1,harakat qilmoq,,,handelte,hat gehandelt,,,,Wir müssen sofort handeln.
verursachen,Verb,B2,sabab bo'lmoq,,,verursachte,hat verursacht,,,,Der Fehler hat große Probleme verursacht.
berücksichtigen,Verb,B2,hisobga olmoq,,,berücksichtigte,hat berücksichtigt,,,,Wir müssen alle Faktoren berücksichtigen.
gewährleisten,Verb,B2,ta'minlamoq,,,gewährleistete,hat gewährleistet,,,,Die Firma gewährleistet die Qualität.
verzichten,Verb,B2,voz kechmoq,,,verzichtete,hat verzichtet,,,,Er verzichtet auf Alkohol.
sich auswirken,Verb,B2,ta'sir ko'rsatmoq,,,wirkte sich aus,hat sich ausgewirkt,,,,Der Stress wirkt sich auf die Gesundheit aus.
widerspiegeln,Verb,B2,aks ettirmoq,,,spiegelte wider,hat widergespiegelt,,,,Der Roman spiegelt die Gesellschaft wider.
betonen,Verb,B2,ta'kidlamoq,,,betonte,hat betont,,,,Er betont die Wichtigkeit der Bildung.
erwähnen,Verb,B2,tilga olmoq,,,erwähnte,hat erwähnt,,,,Sie hat das Problem kurz erwähnt.
hinweisen,Verb,B2,e'tiborini qaratmoq,,,wies hin,hat hingewiesen,,,,Ich möchte auf ein Problem hinweisen.
beitragen,Verb,B2,hissa qo'shmoq,,,trug bei,hat beigetragen,,,,Jeder kann zum Umweltschutz beitragen.
gelten,Verb,B2,amal qilmoq,,,galt,hat gegolten,,,,Diese Regel gilt für alle.
verfügen,Verb,B2,ega bo'lmoq,,,verfügte,hat verfügt,,,,Das Unternehmen verfügt über moderne Technik.
sich richten,Verb,B2,qaratilgan bo'lmoq,,,richtete sich,hat sich gerichtet,,,,Der Kurs richtet sich an Anfänger.
sich lohnen,Verb,B2,arzimoq,,,lohnte sich,hat sich gelohnt,,,,Die Mühe hat sich gelohnt.
scheitern,Verb,B2,muvaffaqiyatsizlikka uchramoq,,,scheiterte,ist gescheitert,,,,Das Projekt ist gescheitert.
verzeichnen,Verb,B2,qayd etmoq,,,verzeichnete,hat verzeichnet,,,,Die Firma verzeichnet einen Gewinn.
abschließen,Verb,B2,yakunlamoq,,,schloss ab,hat abgeschlossen,,,,Er hat das Studium abgeschlossen.
beabsichtigen,Verb,B2,niyat qilmoq,,,beabsichtigte,hat beabsichtigt,,,,"Sie beabsichtigt, im Ausland zu studieren."
sich auseinandersetzen,Verb,C1,jiddiy shug'ullanmoq,,,setzte sich auseinander,hat sich auseinandergesetzt,,,,Er setzt sich intensiv mit dem Thema auseinander.
veranschaulichen,Verb,C1,tasvirlab bermoq,,,veranschaulichte,hat veranschaulicht,,,,Das Beispiel veranschaulicht das Problem gut.
resultieren,Verb,C1,natija bo'lmoq,,,resultierte,hat resultiert,,,,Der Erfolg resultiert aus harter Arbeit.
relativieren,Verb,C1,nisbiylashtirmoq,,,relativierte,hat relativiert,,,,Man sollte diese Aussage relativieren.
thematisieren,Verb,C1,mavzu qilib olmoq,,,thematisierte,hat thematisiert,,,,Der Film thematisiert soziale Probleme.
verdeutlichen,Verb,C1,aniqlashtirmoq,,,verdeutlichte,hat verdeutlicht,,,,Das Beispiel verdeutlicht den Unterschied.
sich abzeichnen,Verb,C1,ko'rina boshlamoq,,,zeichnete sich ab,hat sich abgezeichnet,,,,Ein neuer Trend zeichnet sich ab.
einschätzen,Verb,C1,baholamoq,,,schätzte ein,hat eingeschätzt,,,,"Es ist schwer, die Situation einzuschätzen."
hervorheben,Verb,C1,alohida ta'kidlamoq,,,hob hervor,hat hervorgehoben,,,,Der Redner hebt einen wichtigen Punkt hervor.
beeinträchtigen,Verb,C1,salbiy ta'sir qilmoq,,,beeinträchtigte,hat beeinträchtigt,,,,Lärm beeinträchtigt die Konzentration.
konkretisieren,Verb,C2,aniqlashtirmoq,,,konkretisierte,hat konkretisiert,,,,Wir müssen den Plan konkretisieren.
subsumieren,Verb,C2,umumlashtirmoq,,,subsumierte,hat subsumiert,,,,Man kann diesen Fall nicht einfach subsumieren.
antizipieren,Verb,C2,oldindan payqamoq,,,antizipierte,hat antizipiert,,,,Er konnte die Reaktion antizipieren.
konvergieren,Verb,C2,yaqinlashmoq,,,konvergierte,ist konvergiert,,,,Die Meinungen konvergieren langsam.
divergieren,Verb,C2,farqlanmoq,,,divergierte,hat divergiert,,,,Die Ansichten divergieren stark.
postulieren,Verb,C2,talab qilib qo'ymoq,,,postulierte,hat postuliert,,,,Der Theoretiker postuliert eine neue Regel.
gut,Adjektiv,A1,yaxshi,,,,,gut,besser,am besten,Das Essen ist gut.
schlecht,Adjektiv,A1,yomon,,,,,schlecht,schlechter,am schlechtesten,Das Wetter ist heute schlecht.
groß,Adjektiv,A1,katta,,,,,groß,größer,am größten,Das Haus ist sehr groß.
klein,Adjektiv,A1,kichik,,,,,klein,kleiner,am kleinsten,Die Wohnung ist klein.
alt,Adjektiv,A1,qari; eski,,,,,alt,älter,am ältesten,Mein Opa ist sehr alt.
neu,Adjektiv,A1,yangi,,,,,neu,neuer,am neuesten,Ich habe ein neues Auto.
jung,Adjektiv,A1,yosh,,,,,jung,jünger,am jüngsten,Sie ist noch sehr jung.
schön,Adjektiv,A1,chiroyli,,,,,schön,schöner,am schönsten,Die Stadt ist sehr schön.
hässlich,Adjektiv,A1,xunuk,,,,,hässlich,hässlicher,am hässlichsten,Dieses Gebäude ist hässlich.
lang,Adjektiv,A1,uzun,,,,,lang,länger,am längsten,Der Film war sehr lang.
kurz,Adjektiv,A1,qisqa,,,,,kurz,kürzer,am kürzesten,Die Pause ist zu kurz.
schnell,Adjektiv,A1,tez,,,,,schnell,schneller,am schnellsten,Das Auto fährt sehr schnell.
langsam,Adjektiv,A1,sekin,,,,,langsam,langsamer,am langsamsten,Bitte sprich langsam.
warm,Adjektiv,A1,issiq,,,,,warm,wärmer,am wärmsten,Im Sommer ist es warm.
kalt,Adjektiv,A1,sovuq,,,,,kalt,kälter,am kältesten,Im Winter ist es kalt.
heiß,Adjektiv,A1,juda issiq,,,,,heiß,heißer,am heißesten,Der Kaffee ist noch heiß.
leicht,Adjektiv,A1,yengil; oson,,,,,leicht,leichter,am leichtesten,Die Aufgabe ist leicht.
schwer,Adjektiv,A1,og'ir; qiyin,,,,,schwer,schwerer,am schwersten,Die Prüfung war schwer.
glücklich,Adjektiv,A1,baxtli,,,,,glücklich,glücklicher,am glücklichsten,Ich bin heute sehr glücklich.
traurig,Adjektiv,A1,xafa,,,,,traurig,trauriger,am traurigsten,Der Film ist sehr traurig.
müde,Adjektiv,A1,charchagan,,,,,müde,müder,am müdesten,Ich bin heute sehr müde.
hungrig,Adjektiv,A1,och,,,,,hungrig,hungriger,am hungrigsten,Die Kinder sind hungrig.
durstig,Adjektiv,A1,chanqagan,,,,,durstig,durstiger,am durstigsten,Nach dem Sport bin ich durstig.
billig,Adjektiv,A1,arzon,,,,,billig,billiger,am billigsten,Dieses Handy ist billig.
teuer,Adjektiv,A1,qimmat,,,,,teuer,teurer,am teuersten,Das Auto ist sehr teuer.
voll,Adjektiv,A1,to'la,,,,,voll,voller,am vollsten,Das Glas ist voll.
leer,Adjektiv,A1,bo'sh,,,,,leer,leerer,am leersten,Die Flasche ist leer.
laut,Adjektiv,A1,shovqinli,,,,,laut,lauter,am lautesten,Die Musik ist zu laut.
leise,Adjektiv,A1,past ovozda,,,,,leise,leiser,am leisesten,Sprich bitte leiser.
sauber,Adjektiv,A1,toza,,,,,sauber,sauberer,am saubersten,Die Küche ist sauber.
schmutzig,Adjektiv,A1,iflos,,,,,schmutzig,schmutziger,am schmutzigsten,Seine Kleidung ist schmutzig.
einfach,Adjektiv,A1,oddiy; oson,,,,,einfach,einfacher,am einfachsten,Die Frage ist einfach.
wichtig,Adjektiv,A1,muhim,,,,,wichtig,wichtiger,am wichtigsten,Das ist eine wichtige Frage.
richtig,Adjektiv,A1,to'g'ri,,,,,richtig,richtiger,am richtigsten,Deine Antwort ist richtig.
falsch,Adjektiv,A1,noto'g'ri,,,,,falsch,falscher,am falschesten,Diese Antwort ist falsch.
bekannt,Adjektiv,A1,mashhur; tanish,,,,,bekannt,bekannter,am bekanntesten,Er ist ein bekannter Schauspieler.
frisch,Adjektiv,A1,yangi (mahsulot); nordon,,,,,frisch,frischer,am frischesten,Das Brot ist noch frisch.
süß,Adjektiv,A1,shirin,,,,,süß,süßer,am süßesten,Der Kuchen ist sehr süß.
sauer,Adjektiv,A1,nordon,,,,,sauer,saurer,am sauersten,Die Zitrone ist sauer.
stark,Adjektiv,A1,kuchli,,,,,stark,stärker,am stärksten,Er ist sehr stark.
interessant,Adjektiv,A2,qiziqarli,,,,,interessant,interessanter,am interessantesten,Das Buch ist sehr interessant.
langweilig,Adjektiv,A2,zerikarli,,,,,langweilig,langweiliger,am langweiligsten,Der Film war langweilig.
freundlich,Adjektiv,A2,do'stona,,,,,freundlich,freundlicher,am freundlichsten,Die Menschen hier sind sehr freundlich.
unfreundlich,Adjektiv,A2,nomehribon,,,,,unfreundlich,unfreundlicher,am unfreundlichsten,Der Verkäufer war unfreundlich.
fleißig,Adjektiv,A2,mehnatsevar,,,,,fleißig,fleißiger,am fleißigsten,Sie ist eine fleißige Studentin.
faul,Adjektiv,A2,dangasa,,,,,faul,fauler,am faulsten,Er ist manchmal etwas faul.
pünktlich,Adjektiv,A2,aniq vaqtida,,,,,pünktlich,pünktlicher,am pünktlichsten,Der Zug war pünktlich.
bequem,Adjektiv,A2,qulay,,,,,bequem,bequemer,am bequemsten,Der Stuhl ist sehr bequem.
praktisch,Adjektiv,A2,amaliy,,,,,praktisch,praktischer,am praktischsten,Diese Tasche ist sehr praktisch.
modern,Adjektiv,A2,zamonaviy,,,,,modern,moderner,am modernsten,Die Küche ist sehr modern.
gesund,Adjektiv,A2,sog'lom,,,,,gesund,gesünder,am gesündesten,Obst ist sehr gesund.
krank,Adjektiv,A2,kasal,,,,,krank,kränker,am kränksten,Mein Kollege ist heute krank.
ruhig,Adjektiv,A2,tinch,,,,,ruhig,ruhiger,am ruhigsten,Das Dorf ist sehr ruhig.
gefährlich,Adjektiv,A2,xavfli,,,,,gefährlich,gefährlicher,am gefährlichsten,Diese Straße ist gefährlich.
sicher,Adjektiv,A2,xavfsiz,,,,,sicher,sicherer,am sichersten,Dieses Auto ist sehr sicher.
möglich,Adjektiv,A2,mumkin bo'lgan,,,,,möglich,möglicher,am möglichsten,Das ist leider nicht möglich.
nötig,Adjektiv,A2,zarur,,,,,nötig,nötiger,am nötigsten,Das ist nicht nötig.
verschieden,Adjektiv,A2,turli xil,,,,,verschieden,verschiedener,am verschiedensten,Wir haben verschiedene Meinungen.
ähnlich,Adjektiv,A2,o'xshash,,,,,ähnlich,ähnlicher,am ähnlichsten,Die Brüder sehen sich ähnlich.
genau,Adjektiv,A2,aniq,,,,,genau,genauer,am genauesten,Ich weiß es nicht genau.
typisch,Adjektiv,A2,odatiy,,,,,typisch,typischer,am typischsten,Das ist typisch für ihn.
offen,Adjektiv,A2,ochiq,,,,,offen,offener,am offensten,Das Geschäft ist noch offen.
weit,Adjektiv,A2,uzoq,,,,,weit,weiter,am weitesten,Der Bahnhof ist weit von hier.
hoch,Adjektiv,A2,baland,,,,,hoch,höher,am höchsten,Der Berg ist sehr hoch.
niedrig,Adjektiv,A2,past,,,,,niedrig,niedriger,am niedrigsten,Die Decke ist sehr niedrig.
breit,Adjektiv,A2,keng,,,,,breit,breiter,am breitesten,Die Straße ist sehr breit.
schmal,Adjektiv,A2,tor,,,,,schmal,schmaler,am schmalsten,Der Weg ist sehr schmal.
tief,Adjektiv,A2,chuqur,,,,,tief,tiefer,am tiefsten,Der See ist sehr tief.
flach,Adjektiv,A2,tekis; sayoz,,,,,flach,flacher,am flachsten,Das Land ist sehr flach.
dick,Adjektiv,A2,qalin; semiz,,,,,dick,dicker,am dicksten,Das Buch ist sehr dick.
dünn,Adjektiv,A2,ingichka; ozg'in,,,,,dünn,dünner,am dünnsten,Das Papier ist sehr dünn.
nass,Adjektiv,A2,ho'l,,,,,nass,nasser,am nassesten,Meine Kleidung ist nass.
trocken,Adjektiv,A2,quruq,,,,,trocken,trockener,am trockensten,Das Wetter ist heute trocken.
weich,Adjektiv,A2,yumshoq,,,,,weich,weicher,am weichsten,Das Bett ist sehr weich.
hart,Adjektiv,A2,qattiq,,,,,hart,härter,am härtesten,Der Stuhl ist sehr hart.
bunt,Adjektiv,A2,rang-barang,,,,,bunt,bunter,am buntesten,Ihr Kleid ist sehr bunt.
erfolgreich,Adjektiv,B1,muvaffaqiyatli,,,,,erfolgreich,erfolgreicher,am erfolgreichsten,Sie ist eine erfolgreiche Geschäftsfrau.
selbstständig,Adjektiv,B1,mustaqil,,,,,selbstständig,selbstständiger,am selbstständigsten,Er arbeitet selbstständig.
zuverlässig,Adjektiv,B1,ishonchli,,,,,zuverlässig,zuverlässiger,am zuverlässigsten,Mein Kollege ist sehr zuverlässig.
flexibel,Adjektiv,B1,moslashuvchan,,,,,flexibel,flexibler,am flexibelsten,Die Arbeitszeiten sind flexibel.
kompliziert,Adjektiv,B1,murakkab,,,,,kompliziert,komplizierter,am kompliziertesten,Die Situation ist sehr kompliziert.
deutlich,Adjektiv,B1,aniq; ravshan,,,,,deutlich,deutlicher,am deutlichsten,Bitte sprich deutlicher.
vernünftig,Adjektiv,B1,oqilona,,,,,vernünftig,vernünftiger,am vernünftigsten,Das ist eine vernünftige Entscheidung.
neugierig,Adjektiv,B1,qiziquvchan,,,,,neugierig,neugieriger,am neugierigsten,Die Kinder sind sehr neugierig.
geduldig,Adjektiv,B1,sabrli,,,,,geduldig,geduldiger,am geduldigsten,Der Lehrer ist sehr geduldig.
ehrlich,Adjektiv,B1,halol; samimiy,,,,,ehrlich,ehrlicher,am ehrlichsten,Sie ist immer ehrlich.
höflich,Adjektiv,B1,odobli,,,,,höflich,höflicher,am höflichsten,Er ist sehr höflich.
mutig,Adjektiv,B1,jasur,,,,,mutig,mutiger,am mutigsten,Das war eine mutige Entscheidung.
vorsichtig,Adjektiv,B1,ehtiyotkor,,,,,vorsichtig,vorsichtiger,am vorsichtigsten,Sei bitte vorsichtig.
üblich,Adjektiv,B1,odatiy,,,,,üblich,üblicher,am üblichsten,Das ist hier üblich.
dringend,Adjektiv,B1,shoshilinch,,,,,dringend,dringender,am dringendsten,Ich brauche dringend Hilfe.
abhängig,Adjektiv,B1,bog'liq,,,,,abhängig,abhängiger,am abhängigsten,Der Erfolg ist von vielen Faktoren abhängig.
unabhängig,Adjektiv,B1,mustaqil (erkin),,,,,unabhängig,unabhängiger,am unabhängigsten,Das Land wurde 1991 unabhängig.
sinnvoll,Adjektiv,B1,mazmunli,,,,,sinnvoll,sinnvoller,am sinnvollsten,Das ist eine sinnvolle Lösung.
angenehm,Adjektiv,B1,yoqimli,,,,,angenehm,angenehmer,am angenehmsten,Die Temperatur ist angenehm.
unangenehm,Adjektiv,B1,noqulay,,,,,unangenehm,unangenehmer,am unangenehmsten,Das war eine unangenehme Situation.
bedeutend,Adjektiv,B2,muhim; taniqli,,,,,bedeutend,bedeutender,am bedeutendsten,Er ist ein bedeutender Wissenschaftler.
wesentlich,Adjektiv,B2,asosiy; muhim,,,,,wesentlich,wesentlicher,am wesentlichsten,Das ist ein wesentlicher Unterschied.
umfangreich,Adjektiv,B2,keng qamrovli,,,,,umfangreich,umfangreicher,am umfangreichsten,Das Projekt ist sehr umfangreich.
umstritten,Adjektiv,B2,bahsli,,,,,umstritten,umstrittener,am umstrittensten,Das Thema ist sehr umstritten.
nachhaltig,Adjektiv,B2,barqaror (uzoq muddatli),,,,,nachhaltig,nachhaltiger,am nachhaltigsten,Wir brauchen eine nachhaltige Lösung.
effektiv,Adjektiv,B2,samarali,,,,,effektiv,effektiver,am effektivsten,Diese Methode ist sehr effektiv.
angemessen,Adjektiv,B2,mos; adekvat,,,,,angemessen,angemessener,am angemessensten,Der Preis ist angemessen.
ausreichend,Adjektiv,B2,yetarli,,,,,ausreichend,ausreichender,am ausreichendsten,Wir haben ausreichend Zeit.
widersprüchlich,Adjektiv,B2,ziddiyatli,,,,,widersprüchlich,widersprüchlicher,am widersprüchlichsten,Die Aussagen sind widersprüchlich.
anspruchsvoll,Adjektiv,B2,talabchan,,,,,anspruchsvoll,anspruchsvoller,am anspruchsvollsten,Die Aufgabe ist sehr anspruchsvoll.
überzeugend,Adjektiv,B2,ishonarli,,,,,überzeugend,überzeugender,am überzeugendsten,Sein Argument war überzeugend.
konkret,Adjektiv,B2,aniq (mavhum emas),,,,,konkret,konkreter,am konkretesten,Wir brauchen einen konkreten Plan.
allgemein,Adjektiv,B2,umumiy,,,,,allgemein,allgemeiner,am allgemeinsten,Das ist eine allgemeine Regel.
differenziert,Adjektiv,B2,nozik; farqlangan,,,,,differenziert,differenzierter,am differenziertesten,Er hat eine differenzierte Meinung.
vielfältig,Adjektiv,B2,xilma-xil,,,,,vielfältig,vielfältiger,am vielfältigsten,Die Kultur der Stadt ist sehr vielfältig.
komplex,Adjektiv,B2,murakkab,,,,,komplex,komplexer,am komplexesten,Das Thema ist sehr komplex.
relevant,Adjektiv,B2,dolzarb; tegishli,,,,,relevant,relevanter,am relevantesten,Diese Information ist sehr relevant.
unumstritten,Adjektiv,C1,bahssiz,,,,,unumstritten,unumstrittener,am unumstrittensten,Seine Leistung ist unumstritten.
gravierend,Adjektiv,C1,jiddiy (og'ir),,,,,gravierend,gravierender,am gravierendsten,Das ist ein gravierender Fehler.
facettenreich,Adjektiv,C1,ko'p qirrali,,,,,facettenreich,facettenreicher,am facettenreichsten,Das Thema ist sehr facettenreich.
fundiert,Adjektiv,C1,asoslangan,,,,,fundiert,fundierter,am fundiertesten,Das ist eine fundierte Analyse.
plausibel,Adjektiv,C1,ishonarli; mantiqiy,,,,,plausibel,plausibler,am plausibelsten,Diese Erklärung ist plausibel.
kontrovers,Adjektiv,C1,ziddiyatli,,,,,kontrovers,kontroverser,am kontroversesten,Das Thema wird kontrovers diskutiert.
gängig,Adjektiv,C1,keng tarqalgan,,,,,gängig,gängiger,am gängigsten,Das ist eine gängige Methode.
essenziell,Adjektiv,C1,zaruriy,,,,,essenziell,essenzieller,am essenziellsten,Bildung ist essenziell für die Entwicklung.
signifikant,Adjektiv,C1,ahamiyatli; sezilarli,,,,,signifikant,signifikanter,am signifikantesten,Es gibt einen signifikanten Unterschied.
prekär,Adjektiv,C2,og'ir (ijtimoiy holat),,,,,prekär,prekärer,am prekärsten,Seine finanzielle Lage ist prekär.
ambivalent,Adjektiv,C2,ikkilanuvchan,,,,,ambivalent,ambivalenter,am ambivalentesten,Seine Gefühle sind sehr ambivalent.
inhärent,Adjektiv,C2,o'ziga xos (ichki),,,,,inhärent,inhärenter,am inhärentesten,Das Risiko ist dem System inhärent.
paradox,Adjektiv,C2,paradoksal,,,,,paradox,paradoxer,am paradoxesten,Diese Situation ist ziemlich paradox.
subtil,Adjektiv,C2,nozik,,,,,subtil,subtiler,am subtilsten,Der Unterschied ist sehr subtil.
prägnant,Adjektiv,C2,ixcham va aniq,,,,,prägnant,prägnanter,am prägnantesten,Seine Antwort war sehr prägnant.
viel,Adjektiv,A1,ko'p,,,,,viel,mehr,am meisten,Er hat viel Geld.
gern,Adjektiv,A1,xush ko'rib,,,,,gern,lieber,am liebsten,Ich trinke gern Tee.
nah,Adjektiv,A2,yaqin,,,,,nah,näher,am nächsten,Die Schule ist ganz nah.
